[{
		"id": 1,
		"priority": 1,
		"action": {
			"type": "block"
		},
		"condition": {
			"urlFilter": "*://developers.kakao.com/sdk/js/*",
			"domains": ["bj.afreecatv.com"],
			"resourceTypes": ["script"]
		}
	},
	{
		"id": 2,
		"priority": 2,
		"action": {
			"type": "redirect",
			"redirect": {
				"regexSubstitution": "https://afubaba.github.io/Afreecatv/js/kaokao.js"
			}
		},
		"condition": {
			"regexFilter": "^https://developers\\.kakao\\.com/sdk/js/kakao.js",
			"resourceTypes": [
				"script"
			]
		}
	}
]
